Year	1888	1888	1888	1893	1893	1893	1898	1898	1898	1903	1903	1903	1908	1908	1908	1913	1913	1913	1918	1918	1918	1920	1920	1920	1925	1925	1925	1930	1930	1930	1935	1935	1935	1940	1940	1940	1947	1947	1947	1950	1950	1950	1955	1955	1955	1960	1960	1960	1965	1965	1965	1970	1970	1970	1975	1975	1975	1980	1980	1980	1985	1985	1985	1990	1990	1990	1995	1995	1995	2000	2000	2000	2005	2005	2005
All ages	39607234	20008445	19598789	41388313	20906465	20481848	43763153	22073896	21689257	46732138	23600931	23131207	49588227	25045844	24542383	53362189	26964117	26398072	56667328	28625246	28042082	55963053	28044185	27918868	59736822	30013109	29723713	64450005	32390155	32059850	69254148	34734133	34520015	72500581	36269927	36230654	78101473	38129399	39972074	83199637	40811760	42387877	89275529	43860718	45414811	94301623	46300445	48001178	99209137	48692138	50516999	104665171	51369177	53295994	111939643	55090673	56848970	117060396	57593769	59466627	121048923	59497316	61551607	123611167	60696724	62914443	125570246	61574398	63995848	126925843	62110764	64815079	127767994	62348977	65419017
0	1060439	539962	520477	1046875	531884	514991	1209432	610181	599251	1305936	664315	641621	1462691	742391	720300	1563189	793494	769695	1545589	780605	764984	1877543	945066	932477	1920724	965811	954913	1952306	985978	966328	2035909	1031081	1004828	1982739	1005488	977251	2497635	1274050	1223585	2315990	1182171	1133819	1709339	875952	833387	1599948	819570	780378	1763525	900258	863267	1898242	974495	923747	1913757	980837	932920	1586504	813741	772763	1429658	731571	698087	1213685	621085	592600	1191578	609216	582362	1171652	600466	571186	1056800	539668	517132
1	926264	469536	456728	1009620	513295	496325	1116280	566578	549702	1258683	638514	620169	1339562	673382	666180	1451881	735634	716247	1478426	745709	732717	1392988	699760	693228	1651757	831914	819843	1799131	906284	892847	1846556	933210	913346	1658026	839248	818778	1555304	790690	764614	2522681	1286543	1236138	1710091	874643	835448	1619004	828314	790690	1679692	857136	822556	1883710	965677	918033	2028786	1041105	987681	1636235	839734	796501	1488363	761945	726418	1260478	645402	615076	1201008	614989	586019	1166160	596910	569250	1091316	557804	533512
2	934681	470197	464484	889527	450066	439461	1049413	528074	521339	1215006	616396	598610	1138437	587905	550532	1420113	717503	702610	1437290	727338	709952	1387685	696705	690980	1597427	803695	793732	1749485	882064	867421	1845254	931018	914236	1752550	884861	867689	1647839	832073	815766	2479988	1264541	1215447	1817775	927800	889975	1573664	804114	769550	1635463	833855	801608	1839328	942789	896539	2063827	1056806	1007021	1706055	873852	832203	1504910	770041	734869	1301517	667257	634260	1185263	606889	578374	1192157	610326	581831	1115649	571375	544274
3	886902	449086	437816	925746	469437	456309	1020677	517467	503210	1127270	572519	554751	1161508	583248	578260	1354663	682483	672180	1425250	720168	705082	1391499	700319	691180	1580177	794814	785363	1773731	892926	880805	1818641	918975	899666	1815524	918069	897455	2008319	1014303	994016	2346977	1198969	1148008	1939180	989687	949493	1536505	785371	751134	1589103	810592	778511	1843664	943929	899735	2020504	1036530	983974	1749163	896520	852643	1508715	772180	736535	1343438	687831	655607	1208065	619493	588572	1189303	607950	581353	1149450	588649	560801
4	879328	443053	436275	975407	493529	481878	987264	501655	485609	1080163	549855	530308	1139870	578223	561647	1326670	670039	656631	1423194	723232	699962	1408000	710777	697223	1514498	764245	750253	1736482	876190	860292	1782141	899717	882424	1837462	930372	907090	1952549	986990	965559	1539821	786266	753555	2071356	1058248	1013108	1635707	836380	799327	1573824	802931	770893	1442620	738025	704595	1973733	1012081	961652	1837459	942253	895206	1527617	783040	744577	1373779	704464	669315	1209340	619428	589912	1184826	606869	577957	1164872	597006	567866
5	911110	458304	452806	945222	479868	465354	944302	477716	466586	1092722	550031	542691	1166500	591956	574544	1298562	658098	640464	1382853	701273	681580	1372928	693097	679831	1599491	806161	793330	1625564	818268	807296	1724347	870382	853965	1778791	900048	878743	2011228	1018877	992351	1640470	831695	808775	2242566	1144964	1097602	1735222	887769	847453	1591212	810541	780671	1789278	915097	874181	1915661	983965	931696	1927082	987894	939188	1596623	818476	778147	1438361	736058	702303	1231252	629916	601336	1204133	615685	588448	1182977	607278	575699
6	890691	450499	440192	868962	439925	429037	946010	479135	466875	1048756	531195	517561	1180549	598996	581553	1260964	633390	627574	1367130	691781	675349	1403933	710875	693058	1303522	655769	647753	1563445	787488	775957	1705464	858901	846563	1741186	878667	862519	1984883	1002728	982155	1990547	1008498	982049	2479059	1264782	1214277	1727533	884000	843533	1623751	826881	796870	1679517	859064	820453	1883824	966737	917087	2033501	1043386	990115	1636472	839670	796802	1488041	761634	726407	1269637	649749	619888	1207742	618234	589508	1179736	604292	575444
7	904673	454853	449820	895235	450351	444884	851266	429067	422199	1007263	506818	500445	1168339	592778	575561	1099591	566780	532811	1370594	692262	678332	1382121	699984	682137	1323561	665422	658139	1570946	791425	779521	1690165	852881	837284	1760095	888682	871413	1802502	909484	893018	1933618	978246	955372	2463426	1257152	1206274	1839369	937370	901999	1584649	805554	779095	1637334	836183	801151	1844649	946098	898551	2067213	1057899	1009314	1706161	873463	832698	1504285	769649	734636	1311187	672371	638816	1188966	608946	580020	1193349	610904	582445
8	871923	440727	431196	862435	435507	426928	900948	455998	444950	994930	504418	490512	1099267	558654	540613	1136762	570109	566653	1321782	666249	655533	1377788	696316	681472	1336979	675149	661830	1528554	770332	758222	1721824	867527	854297	1744934	882473	862461	1596523	806104	790419	1987368	1007452	979916	2335070	1192780	1142290	1950937	995634	955303	1538389	782201	756188	1587147	811055	776092	1851647	948711	902936	2025049	1038900	986149	1751870	897453	854417	1508173	771683	736490	1349829	690873	658956	1210282	620484	589798	1188871	608086	580785
9	881374	444884	436490	862816	435302	427514	959961	484852	475109	970549	492810	477739	1059027	539602	519425	1122985	569974	553011	1304280	658101	646179	1320150	666884	653266	1360879	688670	672209	1478576	747273	731303	1689619	853572	836047	1730334	874102	856232	1703879	860213	843666	1970662	999535	971127	1522471	776813	745658	2086080	1065805	1020275	1632119	831017	801102	1574060	804504	769556	1442240	738142	704098	1979189	1014408	964781	1840708	943996	896712	1527697	782809	744888	1378766	706918	671848	1210666	620082	590584	1183562	605943	577619
10	872051	441802	430249	900755	452498	448257	935702	474595	461107	932197	471597	460600	1084199	544954	539245	1155958	586399	569559	1282854	649356	633498	1282875	647926	634949	1336814	676678	660136	1557981	787708	770273	1617266	814735	802531	1675449	847195	828254	1790432	906820	883612	1797699	910239	887460	1632215	827056	805159	2262455	1154276	1108179	1721695	877404	844291	1595708	814215	781493	1795645	918944	876701	1921118	986691	934427	1927529	987723	939806	1595265	817406	777859	1439250	736103	703147	1239516	634159	605357	1204524	616199	588325
11	846690	429857	416833	880879	445389	435490	857726	434128	423598	936190	474410	461780	1037467	525538	511929	1171550	594110	577440	1247488	626106	621382	1289435	652832	636603	1377149	699259	677890	1266193	638012	628181	1540102	776991	763111	1658857	836270	822587	1820310	917676	902634	1581452	799903	781549	1981370	1003333	978037	2497999	1273695	1224304	1719433	875746	843687	1623047	827301	795746	1679694	859484	820210	1890500	969928	920572	2034623	1043746	990877	1636114	839095	797019	1490285	762492	727793	1262345	646345	616000	1205422	617258	588164
12	882818	445958	436860	896881	450400	446481	883640	444642	438998	842581	425324	417257	994079	500815	493264	1155573	586211	569362	1083292	558722	524570	1250656	633372	617284	1369551	694727	674824	1303277	657616	645661	1547049	780365	766684	1665476	840419	825057	1759687	887522	872165	1711680	863405	848275	1931926	977202	954724	2483850	1266718	1217132	1840331	933850	906481	1586763	808216	778547	1641273	839381	801892	1848293	947950	900343	2068981	1058743	1010238	1705785	873298	832487	1506868	770688	736180	1314403	673706	640697	1187516	608449	579067
13	814401	412208	402193	866106	437540	428566	851441	430407	421034	887852	450108	437744	980266	498141	482125	1082259	550558	531701	1117999	561275	556724	1209227	611589	597638	1359758	687458	672300	1322107	668724	653383	1515627	763582	752045	1671544	842626	828918	1702909	859262	843647	1792256	906746	885510	1996207	1011047	985160	2366153	1207759	1158394	1954177	992880	961297	1543604	786420	757184	1591697	814153	777544	1854487	950553	903934	2029146	1040855	988291	1749680	896453	853227	1511715	773727	737988	1352506	692224	660282	1209248	620052	589196
14	796381	402551	393830	872936	441487	431449	852861	430185	422676	947911	480285	467626	956900	487321	469579	1042546	532460	510086	1101373	560219	541154	1069374	543506	525868	1291758	652869	638889	1351487	684500	666987	1465203	741101	724102	1661898	837921	823977	1739355	878009	861346	1816830	920094	896736	1966099	997162	968937	1519733	775461	744272	2081867	1058445	1023422	1628757	830419	798338	1573755	805079	768676	1445230	739691	705539	1981842	1015903	965939	1839941	943628	896313	1529687	783958	745729	1377842	706716	671126	1207942	618720	589222
15	790958	400626	390332	861831	436830	425001	888504	447303	441201	921123	468622	452501	915166	465002	450164	1064551	537297	527254	1131404	575350	556054	1082026	548173	533853	1253443	633577	619866	1322615	670377	652238	1534539	776367	758172	1582669	795839	786830	1728432	871785	856647	1751282	884422	866860	1794119	906578	887541	1617350	816862	800488	2250227	1140306	1109921	1711172	870185	840987	1590749	812466	778283	1794958	918958	876000	1925050	989065	935985	1923430	985737	937693	1600305	820866	779439	1442928	738536	704392	1234174	632362	601812
16	698584	354671	343913	832239	422396	409843	868947	439833	429114	839852	426026	413826	915414	466238	449176	1015659	516743	498916	1141699	581830	559869	1069259	542611	526648	1261474	636543	624931	1350684	687032	663652	1252480	631960	620520	1496874	751668	745206	1706358	861470	844888	1705202	860642	844560	1578957	796136	782821	1968690	991000	977690	2474995	1250399	1224596	1711392	866940	844452	1627002	829720	797282	1682121	861039	821082	1895535	973067	922468	2030530	1042024	988506	1642394	843556	798838	1494054	765613	728441	1273076	653268	619808
17	647316	328631	318685	869938	439676	430262	882683	443536	439147	862929	434786	428143	822099	416217	405882	969849	491169	478680	1121152	571252	549900	1107608	562069	545539	1201311	609350	591961	1320413	670302	650111	1276159	643259	632900	1484277	742892	741385	1641512	826178	815334	1724498	869344	855154	1696266	852872	843394	1906735	958960	947775	2445248	1234606	1210642	1814986	914803	900183	1582007	804551	777456	1638131	836807	801324	1850928	948823	902105	2061385	1054881	1006504	1708325	875464	832861	1509872	772956	736916	1313462	675064	638398
18	627865	318501	309364	800282	405094	395188	848552	428980	419572	830102	419418	410684	862521	438568	423953	954102	486451	467651	1043344	532139	511205	1092646	553269	539377	1157814	589150	568664	1301759	659262	642497	1281349	645384	635965	1431063	715449	715614	1615668	806677	808991	1709995	861541	848454	1767466	888736	878730	1964436	986034	978402	2312850	1166953	1145897	1910047	959808	950239	1536113	778583	757530	1589821	810042	779779	1858950	950503	908447	2021114	1034094	987020	1756325	898934	857391	1510429	772660	737769	1357096	696653	660443
19	632596	320255	312341	778596	393641	384955	853029	431504	421525	828857	417953	410904	917203	465970	451233	927683	473514	454169	1002561	513168	489393	1067518	542900	524618	1011235	519750	491485	1244133	631690	612443	1296390	653743	642647	1369628	688944	680684	1571887	778462	793425	1676691	841618	835073	1788711	897047	891664	1922462	960998	961464	1464676	735091	729585	2019447	1011137	1008310	1612675	814960	797715	1567214	796839	770375	1449484	738969	710515	1970628	1005479	965149	1850609	946955	903654	1530882	784219	746663	1390572	716083	674489
20	720681	367315	353366	769414	389073	380341	841527	426227	415300	865973	435392	430581	891618	454330	437288	884717	449780	434937	1019549	514331	505218	1002757	507656	495101	1029081	522162	506919	1193111	607136	585975	1253110	630192	622918	1430501	721755	708746	1556865	779465	777400	1602810	802744	800066	1728264	864749	863515	1751008	871111	879897	1562257	776412	785845	2186671	1092090	1094581	1682755	851366	831389	1574724	799070	775654	1793326	913438	879888	1906422	973949	932473	1918874	981345	937529	1600338	823540	776798	1442590	741422	701168
21	657044	332457	324587	676343	343620	332723	810077	411754	398323	845522	429125	416397	812942	412210	400732	882816	449660	433156	970746	493208	477538	915908	454593	461315	988413	502399	486014	1181627	593436	588191	1235316	608136	627180	1146298	574274	572024	1514494	743288	771206	1573797	783719	790078	1669124	833829	835295	1535438	761657	773781	1900881	941244	959637	2401081	1195607	1205474	1672475	843081	829394	1602101	811388	790713	1668404	848953	819451	1857127	944150	912977	2009782	1027784	981998	1625091	834550	790541	1471327	753852	717475
22	641691	326722	314969	626397	317886	308511	845652	426814	418838	855446	431056	424390	833108	419455	413653	792098	401304	390794	926160	468751	457409	938223	464661	473562	1025265	518298	506967	1122289	568102	554187	1205723	598567	607156	1156449	578076	578373	1443101	688986	754115	1538907	764479	774428	1691802	843018	848784	1650090	815279	834811	1853003	917413	935590	2403420	1195607	1207813	1789708	898952	890756	1557947	786000	771947	1622440	824689	797751	1813347	919825	893522	2035857	1036176	999681	1680670	858862	821808	1481329	757026	724303
23	695034	353824	341210	600231	304964	295267	771516	389848	381668	820239	415809	404430	798357	402978	395379	829676	422445	407231	909735	463445	446290	883009	448240	434769	1019439	519397	500042	1089434	557128	532306	1212452	610643	601809	1161048	580695	580353	1315568	610123	705445	1518112	752413	765699	1671423	835105	836318	1714822	848971	865851	1916396	949076	967320	2285942	1138769	1147173	1896841	951532	945309	1512204	761782	750422	1568705	795001	773704	1810873	916854	894019	1989775	1011951	977824	1715244	874109	841135	1469413	746565	722848
24	662432	337183	325249	605569	306768	298801	748576	376914	371662	823171	417046	406125	795604	400512	395092	883061	449450	433611	883564	451509	432055	869413	441329	428084	998329	512543	485786	945045	489604	455441	1164470	589245	575225	1172860	585159	587701	1231876	540594	691282	1491916	732460	759456	1642630	819714	822916	1739624	863078	876546	1894982	939824	955158	1450522	722812	727710	2029730	1018595	1011135	1594050	801876	792174	1547679	783914	763765	1412352	713421	698931	1940713	983972	956741	1800117	916181	883936	1485939	755957	729982
25	565596	286454	279142	692773	352743	340030	741252	374171	367081	812537	412211	400326	816387	404516	411871	858950	439346	419604	841865	429658	412207	854425	437897	416528	944858	482679	462179	978773	497517	481256	1121277	567214	554063	1133683	566907	566776	1180268	508479	671789	1402262	674941	727321	1572503	784388	788115	1689923	840007	849916	1743936	864534	879402	1554758	772338	782420	2198303	1103362	1094941	1663062	838484	824578	1560365	788956	771409	1748650	883781	864869	1883050	955370	927680	1880976	955777	925199	1546900	786273	760627
26	528038	267747	260291	627403	318411	308992	647004	327661	319343	780663	397700	382963	799117	401608	397509	781429	397652	383777	841225	429793	411432	814933	417268	397665	880505	452759	427746	948525	487241	461284	1117639	564031	553608	1154924	580306	574618	1125660	484361	641299	1296346	609884	686462	1551558	771468	780090	1634005	812566	821439	1536613	761580	775033	1903968	942980	960988	2418666	1214051	1204615	1666386	838094	828292	1591676	803555	788121	1636327	826886	809441	1852166	937672	914494	1979076	1005385	973691	1588551	806426	782125
27	492257	248681	243576	613750	313469	300281	598732	304114	294618	814361	413026	401335	811704	408120	403584	800164	405621	394543	753305	384342	368963	775477	397286	378191	900130	462125	438005	980860	503125	477735	1065558	542553	523005	1126108	566664	559444	1177516	512924	664592	1216902	543701	673201	1520912	757398	763514	1670163	831572	838591	1664921	824717	840204	1862917	923898	939019	2414709	1213915	1200794	1787518	897409	890109	1555402	784395	771007	1600509	808914	791595	1815863	920132	895731	2016650	1020949	995701	1655017	838134	816883
28	556624	284076	272548	665588	340083	325505	574956	291981	282975	743751	377825	365926	778969	394006	384963	767085	389542	377543	788038	403590	384448	775895	397149	378746	839974	434361	405613	975245	501079	474166	1031687	528353	503334	1122025	562888	559137	990824	445542	545282	1158600	507376	651224	1488679	739378	749301	1654503	828594	825909	1731142	861327	869815	1926284	958982	967302	2308779	1163269	1145510	1897835	952586	945249	1516000	764859	751141	1552063	784220	767843	1816136	920151	895985	1980447	1004494	975953	1701624	861964	839660
29	559941	282911	277030	634492	323864	310628	578454	293383	285071	720892	364985	355907	782087	395430	386657	761436	385501	375935	840139	429508	410631	703219	358405	344814	828004	424578	403426	952231	491795	460436	903922	468097	435825	1084378	546298	538080	1017366	459607	557759	1111010	485996	625014	1470676	722750	747926	1630930	816427	814503	1758615	879403	879212	1900271	947582	952689	1454126	731692	722434	2026554	1018895	1007659	1599959	806565	793394	1533164	774668	758496	1420926	718800	702126	1933160	978672	954488	1787957	905754	882203
30	598633	307536	291097	539077	274532	264545	665177	339995	325182	714479	362590	351889	772799	391800	380999	782980	390809	392171	813510	418359	395151	739341	378262	361079	806133	417464	388669	895532	461605	433927	932966	474670	458296	1046134	527477	518657	1027974	470024	557950	1171091	517749	653342	1391573	672348	719225	1566231	784994	781237	1698218	851704	846514	1755444	875276	880168	1579125	789707	789418	2192482	1102659	1089823	1671589	844981	826608	1549317	781953	767364	1760060	891348	868712	1884260	955040	929220	1873576	949205	924371
31	598178	304933	293245	502700	256060	246640	603030	306348	296682	623254	317693	305561	742935	378613	364322	766885	387813	379072	739932	379102	360830	773679	393733	379946	765507	397434	368073	844932	437622	407310	902098	464869	437229	1047564	526959	520605	1045938	482991	562947	969980	437635	532345	1283070	605186	677884	1546012	772624	773388	1649166	826279	822887	1539410	768109	771301	1929194	963771	965423	2415378	1215045	1200333	1671701	842843	828858	1584284	799044	785240	1647947	834566	813381	1849663	934421	915242	1972766	999283	973483
32	579150	295960	283190	466446	237639	228807	584882	299073	285809	576560	294485	282075	775347	393634	381713	779917	393500	386417	758242	385438	372804	741333	377506	363827	733141	378762	354379	868273	446004	422269	941022	482303	458719	999618	505847	493771	1021323	470148	551175	1002823	456249	546574	1199721	536980	662741	1518394	759057	759337	1681583	843032	838551	1667353	830456	836897	1881880	940695	941185	2411095	1213414	1197681	1789628	899787	889841	1548083	779718	768365	1612294	816403	795891	1813198	916453	896745	2009592	1014512	995080
33	570312	292081	278231	529196	271387	257809	639719	327382	312337	553656	282647	271009	709617	361857	347760	747953	379434	368519	726966	370727	356239	712177	359513	352664	742735	382464	360271	811157	420519	390638	940451	483147	457304	972265	495310	476955	1046223	486143	560080	1016665	465986	550679	1146791	503550	643241	1481269	736485	744784	1661603	837513	824090	1728640	863738	864902	1943397	973225	970172	2304799	1162414	1142385	1895956	952550	943406	1510323	761121	749202	1563101	790825	772276	1811976	916005	895971	1971948	997497	974451
34	582701	300346	282355	530415	269131	261284	608475	310989	297486	556634	283627	273007	687429	349383	338046	748029	380017	368012	722847	366842	356005	642920	324429	318491	668571	344053	324518	793771	409290	384481	916100	474503	441597	850881	438530	412351	1006141	471381	534760	1041678	482621	559057	1095777	479175	616602	1463787	720880	742907	1634347	822441	811906	1750486	878197	872289	1912195	957193	955002	1447977	728013	719964	2025350	1018104	1007246	1595678	803517	792161	1543053	780707	762346	1417513	714899	702614	1926975	972768	954207
35	569295	293079	276216	569131	293987	275144	512668	261791	250877	637718	327134	310584	679705	346608	333097	739289	376196	363093	742005	371949	370056	674709	340166	334543	709169	365381	343788	779348	404573	374775	866706	446621	420085	884306	448315	435991	1000147	466790	533357	1015397	473869	541528	1155060	510722	644338	1387592	671027	716565	1570521	790396	780125	1696910	851127	845783	1758047	878565	879482	1569120	783458	785662	2187524	1099089	1088435	1661116	838061	823055	1560494	788702	771792	1757774	887876	869898	1872513	945606	926907
36	575401	298184	277217	568771	292457	276314	474657	242355	232302	575510	294012	281498	594289	303931	290358	710372	363728	346644	726990	368999	357991	685172	343045	342127	739439	379399	360040	741559	384820	356739	806935	419209	387726	856872	439008	417864	1001969	472637	529332	1041645	488768	552877	955592	431127	524465	1274848	601413	673435	1548159	776690	771469	1640697	822758	817939	1539335	769926	769409	1923586	959654	963932	2408332	1210092	1198240	1664582	837748	826834	1591400	803470	787930	1645492	830981	814511	1841095	927533	913562
37	495533	254272	241261	548825	281992	266833	438377	224144	214233	559615	287552	272063	549053	281517	267536	741602	378330	363272	738541	373983	364558	681796	339568	342228	705897	364073	341824	707038	366631	340407	832181	430075	402106	891024	455978	435046	978595	469089	509506	1005433	474335	531098	985374	447980	537394	1191436	533583	657853	1513306	758470	754836	1671165	837880	833285	1661257	828800	832457	1874319	934884	939435	2403501	1207873	1195628	1779871	892900	886971	1552685	782578	770107	1611261	813476	797785	1806426	910300	896126
38	519772	269215	250557	541241	278821	262420	501632	258210	243422	611172	314248	296924	528207	270734	257473	678495	348153	330342	707307	360047	347260	676085	338880	337205	678657	346726	331931	713020	368993	344027	777287	404539	372748	893451	457910	435541	967624	466941	500683	1012758	476776	535982	998658	457391	541267	1139696	500665	639031	1474020	734333	739687	1646599	829397	817202	1720422	860589	859833	1935170	967450	967720	2296917	1157498	1139419	1887077	946671	940406	1516785	764634	752151	1559997	786872	773125	1802445	908866	893579
39	559602	288596	271006	552132	285916	266216	503892	256376	247516	579070	297143	281927	529496	271096	258400	656169	335007	321162	707300	360700	346600	692976	346112	346864	616215	312959	303256	643868	331888	311980	762737	393002	369735	866315	446255	420060	933448	454102	479346	972840	462357	510483	1020442	472278	548164	1089563	476182	613381	1447991	713583	734408	1617471	813516	803955	1743259	874686	868573	1899386	949270	950116	1441770	723678	718092	2011134	1009449	1001685	1600857	806425	794432	1540341	777081	763260	1413302	710482	702820
40	526880	274011	252869	535987	276905	259082	540648	280548	260100	488471	250808	237663	605011	312018	292993	649844	332367	317477	699719	357379	342340	644026	324853	319173	637609	324028	313581	677835	349878	327957	740852	385265	355587	815994	419969	396025	916402	456157	460245	950868	458889	491979	995917	464994	530923	1146414	507042	639372	1372992	665282	707710	1550343	779593	770750	1697645	850764	846881	1740587	868342	872245	1563627	779447	784180	2171387	1089260	1082127	1662095	838188	823907	1556645	784295	772350	1753784	882923	870861
41	509066	260447	248619	541488	281637	259851	539479	278364	261115	452703	232242	220461	547452	280457	266995	565990	290604	275386	669432	343813	325619	670919	338875	332044	646454	326691	319763	708016	364120	343896	705226	367706	337520	765054	395963	369091	805880	409642	396238	949823	458870	490953	1018815	477632	541183	944838	425861	518977	1263289	595806	667483	1505635	755188	750447	1631547	817817	813730	1524897	760935	763962	1910068	951201	958867	2393337	1201223	1192114	1666822	839141	827681	1588957	799822	789135	1643281	827731	815550
42	444753	242722	202031	465320	239655	225665	519942	267512	252430	416272	213672	202600	532064	274232	257832	523201	268962	254239	699732	357291	342441	649605	330215	319390	641910	322112	319798	671065	346957	324108	671933	349124	322809	783571	403869	379702	828562	415118	413444	911402	446234	465168	984507	464012	520495	972795	441900	530895	1179970	528489	651481	1468638	736707	731931	1658130	830778	827352	1643736	818091	825645	1859160	925656	933504	2385137	1197000	1188137	1781163	894531	886632	1549456	778822	770634	1601907	805966	795941
43	493240	251201	242039	487371	252098	235273	510380	263866	246514	476147	245604	230543	575921	296665	279256	500912	257606	243306	640210	328833	311377	629209	317831	311378	639649	321718	317931	648262	331246	317016	677630	350381	327249	729807	379007	350800	802383	405748	396635	898516	444655	453861	989968	464696	525272	986925	451411	535514	1126649	495006	631643	1438054	716007	722047	1632699	821141	811558	1702410	849067	853343	1919433	957375	962058	2277715	1145495	1132220	1887063	946993	940070	1512465	760715	751750	1550197	779029	771168
44	457298	236685	220613	525452	271199	254253	519775	269469	250306	478740	244039	234701	547590	281710	265880	503251	258019	245232	620339	317019	303320	650005	328480	321525	656143	329675	326468	581300	295733	285567	610370	315151	295219	711312	365562	345750	838771	423943	414828	772371	390307	382064	956123	453416	502707	1006975	464906	542069	1062121	464059	598062	1430958	703380	727578	1604049	804563	799486	1725870	862555	863315	1882666	938198	944468	1430714	717007	713707	2008929	1008499	1000430	1592696	800517	792179	1531427	769821	761606
45	464100	241090	223010	492889	256147	236742	506936	261455	245481	512492	265958	246534	462102	237380	224722	573510	295755	277755	613478	313216	300262	583875	294835	289040	614300	309872	304428	606570	307629	298941	648106	333627	314479	694252	359058	335194	832025	422027	409998	812504	404955	407549	935286	450264	485022	980821	456709	524112	1125216	496875	628341	1351851	652648	699203	1538139	770596	767543	1673819	834964	838855	1723292	857144	866148	1545924	769005	776919	2168695	1088256	1080439	1650773	830052	820721	1544533	774589	769944
46	404806	209308	195498	475750	242090	233660	511395	265605	245790	509953	262832	247121	427330	218815	208515	517659	264607	253052	532744	272834	259910	565067	284428	280639	630311	317391	312920	611517	307067	304450	668777	343211	325566	657787	340042	317745	814670	415649	399021	779422	393991	385431	923603	445379	478224	1000189	467180	533009	928168	417432	510736	1244139	584981	659158	1511705	754499	757206	1607762	801400	806362	1508667	750030	758637	1886926	937807	949119	2391128	1200806	1190322	1653919	830544	823375	1576252	790161	786091
47	414761	215382	199379	411728	224229	187499	433852	222129	211723	489748	251498	238250	392839	201269	191570	502635	258705	243930	490975	251592	239383	548974	275922	273052	612388	310093	302295	608661	303068	305593	635550	326956	308594	626997	323312	303685	772333	392223	380110	817611	412372	405239	882979	431780	451199	968276	454380	513896	955122	432834	522288	1165384	519082	646302	1472103	733964	738139	1631191	812186	819005	1623607	805068	818539	1835618	911479	924139	2371371	1189535	1181836	1764112	882903	881209	1534063	766938	767125
48	392513	202426	190087	459207	232286	226921	453983	234035	219948	481224	247694	233530	446521	229670	216851	543078	278554	264524	470084	240740	229344	505850	255836	250014	590477	297059	293418	603820	301051	302769	611585	311132	300453	632253	324314	307939	716718	365972	350746	811241	409830	401411	873442	430697	442745	969332	453287	516045	965619	440414	525205	1107738	483890	623848	1430544	707929	722615	1604343	801196	803147	1680565	834371	846194	1897736	944264	953472	2265024	1138015	1127009	1864899	932313	932586	1495792	748341	747451
49	361561	186624	174937	422866	217095	205771	492095	251991	240104	487129	251072	236057	447178	227367	219811	515807	264017	251790	470040	239545	230495	454801	229383	225418	607673	305073	302600	615695	306342	309353	548816	276253	272563	567430	290066	277364	723099	368340	354759	783771	397700	386071	751863	377395	374468	932195	440403	491792	985207	453185	532022	1050585	456218	594367	1408919	689513	719406	1573272	783400	789872	1700483	845508	854975	1851808	919743	932065	1422148	711723	710425	1982305	991960	990345	1575221	787471	787750
50	334586	171901	162685	428899	220575	208324	458167	236531	221636	472378	242082	230296	479316	247482	231834	432752	221157	211595	534565	274216	260349	421494	212305	209189	543325	272310	271015	570608	285734	284874	569109	286472	282637	601903	306466	295437	669734	344634	325100	736722	372487	364235	785457	389533	395924	910259	435822	474437	957727	443878	513849	1105502	485704	619798	1331214	639983	691231	1508650	750312	758338	1649899	818507	831392	1693547	839221	854326	1529346	759251	770095	2138971	1068508	1070463	1631381	816353	815028
51	281899	142281	139618	370020	189748	180272	442261	222624	219637	475265	245527	229738	474541	242859	231682	399005	203110	195895	478812	243179	235633	448277	224716	223561	521759	261141	260618	588529	293312	295217	571336	284261	287075	621344	315533	305811	652626	333510	319116	678099	346338	331761	754452	379789	374663	901095	431446	469649	973322	452593	520729	912056	408019	504037	1214159	567794	646365	1477871	732273	745598	1577683	781316	796367	1480437	733134	747303	1870153	927393	942760	2347851	1172217	1175634	1633864	816299	817565
52	333106	169829	163277	378494	194073	184421	375529	203763	171766	401513	204086	197427	453562	231203	222359	365411	185763	179648	463983	236695	227288	509372	255192	254180	505639	251696	253943	567530	284354	283176	566780	279110	287670	583358	296539	286819	643151	329871	313280	696576	353080	343496	786575	394440	392135	855165	415031	440134	936556	436822	499734	931259	418802	512457	1132128	500850	631278	1441194	712218	728976	1597514	789879	807635	1596550	787247	809303	1817414	900511	916903	2335576	1165232	1170344	1739785	865997	873788
53	335729	169811	165918	356862	182214	174648	421943	210858	211085	417949	213565	204384	444073	226987	217086	414858	211839	203019	498188	253168	245020	429877	216904	212973	466551	232766	233785	547563	271418	276145	560088	276434	283654	558448	280217	278231	600856	305111	295745	648454	330302	318152	774582	388306	386276	841951	412210	429741	931596	434134	497462	939321	425281	514040	1077603	466798	610805	1407660	688381	719279	1570853	777909	792944	1650934	814957	835977	1874378	928788	945590	2223293	1109956	1113337	1838150	913501	924649
54	310483	157469	153014	325758	166659	159099	384092	194960	189132	450774	228408	222366	446752	228191	218561	412912	207744	205168	471091	238687	232404	425742	213123	212619	413629	205918	207711	556464	275758	280706	565562	278099	287463	497321	247006	250315	565612	286598	279014	628817	317068	311749	748424	377181	371243	722734	359228	363506	892270	420060	472210	953252	434577	518675	1026601	441346	585255	1364647	663779	700868	1537045	758803	778242	1666918	822689	844229	1830627	905844	924783	1396299	694125	702174	1953319	971090	982229
55	313172	156079	157093	299972	152201	147771	389149	197579	191570	417045	212567	204478	431215	218960	212255	438831	224348	214483	393335	198759	194576	459314	228975	230339	384980	190699	194281	497866	245697	252169	525500	258825	266675	517860	256037	261823	566282	286283	279999	608733	307578	301155	704046	353605	350441	751112	368792	382320	872227	414837	457390	902812	416025	486787	1073012	466183	606829	1295202	616407	678795	1469248	723393	745855	1604726	789554	815172	1672579	825214	847365	1501963	740133	761830	2104329	1043747	1060582
56	338691	169846	168845	247560	123033	124527	331113	167547	163566	400559	199353	201206	430276	219618	210658	432553	218949	213604	362294	182346	179948	424069	212156	211913	406272	199658	206614	475999	233846	242153	534043	261471	272572	512759	250033	262726	500503	251255	249248	572104	288699	283405	643019	325323	317696	719927	358168	361759	851577	405715	445862	915733	422685	493048	877592	388137	489455	1180334	546530	633804	1441364	706655	734709	1540914	755444	785470	1460512	719936	740576	1832798	901083	931715	2309454	1145025	1164429
57	304848	152641	152207	293991	147627	146364	337430	170646	166784	338026	180915	157111	362042	181647	180395	410831	206807	204024	327845	164187	163658	335152	166609	168543	457896	224394	233502	456220	222549	233671	515440	252886	262554	505651	243966	261685	530925	263202	267723	538228	271109	267119	654822	327958	326864	747199	369692	377507	813726	393084	420642	884779	408532	476247	900899	400652	500247	1099504	480873	618631	1401404	685056	716348	1557041	761760	795281	1569575	769577	799998	1779454	873685	905769	2293251	1135716	1157535
58	327706	166130	161576	294573	146318	148255	316487	158749	157738	377758	185673	192085	373441	188315	185126	399855	201615	198240	370317	185875	184442	321242	157988	163254	371019	184650	186369	417517	204467	213050	496261	240876	255385	500357	241047	259310	541875	268968	272907	546029	272106	273923	614845	308274	306571	740018	365575	374443	809959	393540	416419	897116	412144	484972	904312	404747	499565	1046434	447403	599031	1363915	659422	704493	1531802	749978	781824	1618969	793802	825167	1834074	900734	933340	2180630	1079446	1101184
59	284462	140839	143623	267117	132928	134189	285074	143012	142062	340301	169604	170697	399024	199504	199520	398541	200652	197889	366585	181414	185171	300316	146357	153959	370650	181834	188816	368501	179307	189194	499893	241034	258859	499587	239050	260537	504874	247231	257643	483935	239169	244766	588782	292543	296239	709120	351144	357976	682645	335367	347278	854773	395749	459024	917834	412957	504877	992031	420166	571865	1323814	634848	688966	1490405	726631	763774	1631845	798092	833753	1785883	874604	911279	1367500	673435	694065
60	289293	141986	147307	269505	131473	138032	259618	129182	130436	341330	170541	170789	366809	184244	182565	380557	189930	190627	384637	193347	191290	337385	165791	171594	398554	194160	204394	338021	163068	174953	441523	212209	229314	460949	220200	240749	474171	231169	243002	509423	248485	260938	566338	281414	284924	661854	325500	336354	703967	340750	363217	828825	386773	442052	886889	401738	485151	1035148	442667	592481	1253783	588200	665583	1421899	691021	730878	1566573	762856	803717	1632217	796438	835779	1470910	718324	752586
61	276914	136525	140389	288879	141716	147163	210508	102204	108304	287099	142833	144266	347813	169803	178010	377442	189593	187849	376098	186564	189534	330555	160960	169595	365201	177170	188031	354338	169057	185281	418334	199776	218558	467523	221381	246142	408818	195657	213161	506771	246402	260369	527486	261359	266127	599389	296527	302862	667934	327245	340689	803481	374984	428497	893201	404392	488809	841665	366679	474986	1138526	519717	618809	1391994	673338	718656	1495647	725277	770370	1424441	693530	730911	1795818	874355	921463
62	250047	122316	127731	256696	125394	131302	249587	122084	127503	289539	143345	146194	291293	152651	138642	313148	153739	159409	353594	174432	179162	335636	163556	172080	286976	137565	149411	392373	185901	206472	399216	188486	210730	443916	209938	233978	417287	197791	219496	469490	228624	240866	493466	242841	250625	603574	295668	307906	690216	334858	355358	755024	356343	398681	856917	387778	469139	860802	376164	484638	1058909	455343	603566	1351066	650990	700076	1505440	726730	778710	1526514	738582	787932	1745049	849367	895682
63	255545	124440	131105	272668	134802	137866	246860	119564	127296	269114	132467	136647	321886	155034	166852	321173	158212	162961	339808	167099	172709	338637	163247	175390	270598	128490	142108	323756	154599	169157	360317	170284	190033	419462	195703	223759	413575	191450	222125	439686	209036	230650	484486	235674	248812	556668	272307	284361	669500	324182	345318	737223	348591	388632	844130	379769	464361	860417	378022	482395	1004770	421907	582863	1311019	624476	686543	1475258	710919	764339	1577067	762043	815024	1791638	869302	922336
64	238550	115478	123072	232056	111637	120419	220923	106861	114062	240227	117433	122794	286470	139931	146539	337550	164662	172888	335359	164671	170688	313592	149479	164113	247012	116615	130397	313597	147690	165907	311221	146065	165156	414652	192758	221894	395494	180468	215026	378525	177020	201505	424817	205505	219312	531523	256755	274768	637011	308011	329000	627566	299702	327864	802597	362146	440451	867215	382398	484817	949550	394735	554815	1269036	596724	672312	1432191	686166	746025	1575594	758935	816659	1741214	843181	898033
65	218278	104853	113425	232833	110911	121922	219630	103793	115837	215219	104241	110978	281716	137510	144206	306569	150144	156425	314621	152544	162077	298841	142279	156562	271264	128737	142527	329906	154147	175759	282812	131019	151793	362661	166533	196128	377540	170739	206801	384395	177794	206601	443796	211002	232794	505495	244168	261327	592561	283822	308739	640827	301233	339594	778656	353144	425512	832884	369077	463807	984602	412027	572575	1192291	549075	643216	1361069	648860	712209	1510217	722261	787956	1584111	763350	820761
66	219694	106483	113211	220619	105788	114831	232427	110537	121890	171294	81006	90288	233167	112975	120192	286590	136303	150287	307071	149365	157706	291773	137592	154181	263027	123199	139828	297268	138420	158848	291300	132742	158558	337402	153697	183705	376326	169437	206889	370775	168497	202278	439205	207775	231430	466537	224260	242277	529925	255103	274822	601982	285955	316027	743643	337272	406371	833040	367968	465072	794746	338300	456446	1079429	481806	597623	1327237	628847	698390	1428250	678589	749661	1376543	660974	715569
67	183334	86080	97254	194622	92241	102381	202236	95486	106750	199828	94826	105002	231982	111611	120371	236542	120994	115548	250167	118767	131400	262311	122325	139986	261498	121786	139712	227974	104624	123350	314424	142070	172354	317861	142741	175120	332726	147842	184884	355455	158173	197282	398580	188576	210004	430039	204214	225825	527298	251075	276223	615599	287917	327682	692006	316586	375420	794007	348859	445148	809914	344947	464967	1002117	420591	581526	1281247	603318	677929	1430201	674979	755222	1467269	698526	768743
68	179492	84246	95246	196809	92559	104250	211094	100971	110123	193955	91043	102912	211565	100957	110608	257248	120262	136986	252296	120137	132159	250216	116785	133431	258447	119078	139369	211139	95339	115800	253005	115109	137896	281800	126494	155306	325797	143427	182370	338308	149451	188857	371119	170247	200872	416371	195377	220994	480418	227080	253338	590196	274893	315303	671632	306461	365171	773732	338768	434964	803086	343324	459762	945202	386452	558750	1233700	573453	660247	1392578	654568	738010	1504053	714359	789694
69	174971	82064	92907	178799	83626	95173	174995	81161	93834	169980	79619	90361	185289	87608	97681	224955	106055	118900	260808	122353	138455	209396	95498	113898	240104	108675	131429	189543	84663	104880	245551	109068	136483	238419	105951	132468	307119	133004	174115	321782	142004	179778	314319	141456	172863	360848	167023	193825	451264	209661	241603	556982	257872	299110	563100	257765	305335	731018	318987	412031	801071	342410	458661	884537	356859	527678	1192825	544228	648597	1344693	626884	717809	1500634	707797	792837
70	149265	69670	79595	158703	73350	85353	173305	79268	94037	166239	75823	90416	162053	75963	86090	215389	101374	114015	230015	108420	121595	209626	94922	114704	222722	100029	122693	204800	92270	112530	250299	110507	139792	210136	91816	118320	275765	118617	157148	289289	125348	163941	314235	139047	175188	369556	167498	202058	424521	196605	227916	518057	236470	281587	566650	255307	311343	701157	306388	394769	764979	327545	437434	913365	370104	543261	1113908	496562	617346	1273671	590373	683298	1430012	667385	762627
71	131804	59619	72185	156614	72816	83798	159602	73315	86287	171421	78399	93022	126165	57779	68386	174205	81318	92887	211572	96370	115202	212097	94613	117484	211005	93510	117495	192061	84643	107418	220396	96532	123864	213089	90669	122420	270049	114975	155074	281740	120299	161441	298683	129376	169307	361005	162400	198605	384484	175924	208560	448018	204823	243195	528124	239083	289041	661447	287749	373698	758333	323387	434946	729445	299809	429636	999235	430627	568608	1229760	563026	666734	1344544	621368	723176
72	128373	57921	70452	126679	57037	69642	136695	61718	74977	145354	65846	79508	142170	65018	77152	169402	78626	90776	168967	83020	85947	185690	82342	103348	181197	79281	101916	188951	82477	106474	165277	71173	94104	225042	94632	130410	228104	94711	133393	259893	109434	150459	280604	118199	162405	319953	143430	176523	347540	156823	190717	437548	196629	240919	527166	235218	291948	606959	265690	341269	713853	301237	412616	740123	303523	436600	922317	371237	551080	1180835	535445	645390	1336071	611177	724894
73	110684	49142	61542	119723	53939	65784	135220	60466	74754	146645	67362	79283	134679	60626	74053	150720	69276	81444	179259	80173	99086	152546	66461	86085	168113	73141	94972	180542	77549	102993	148902	62607	86295	172722	73194	99528	202774	83231	119543	234738	96685	138053	258587	107724	150863	288664	124855	163809	327271	145256	182015	390434	174108	216326	495761	218501	277260	577723	251187	326536	687880	286874	401006	720881	295724	425157	861976	336686	525290	1128015	504578	623437	1291896	586033	705863
74	100141	44238	55903	113331	50629	62702	118635	52855	65780	116820	51928	64892	114884	51855	63029	127581	57948	69633	151462	67966	83496	136659	61202	75457	136143	57594	78549	160247	67045	93202	128549	53404	75145	161606	66247	95359	183454	73692	109762	215948	88525	127423	240553	99430	141123	237849	100489	137360	276802	120764	156038	356349	156046	200303	458181	199813	258368	475691	206647	269044	638352	264552	373800	713720	290812	422908	797731	306446	491285	1088295	476848	611447	1234974	553780	681194
75	96255	41984	54271	93515	41589	51926	101486	44452	57034	112575	49349	63226	108915	47814	61101	108468	48547	59921	140691	63408	77283	132530	55700	76830	133164	55868	77296	144828	59727	85101	134591	55992	78599	158947	64724	94223	153495	61440	92055	179801	72140	107661	210260	84967	125293	231324	95354	135970	277418	117842	159576	326963	141592	185371	408799	176213	232586	470244	200063	270181	603439	249358	354081	671353	273596	397757	812072	312171	499901	1006973	428635	578338	1156731	511696	645035
76	81252	34636	46616	77555	33400	44155	96245	42542	53703	100109	43808	56301	107822	47358	60464	81570	35846	45724	109172	48686	60486	110684	45758	64926	127714	52431	75283	131201	53644	77557	120831	48828	72003	134445	54085	80360	120698	47569	73129	159121	62677	96444	198916	78857	120059	213142	85584	127558	261071	109462	151609	287599	122399	165200	352451	150713	201738	427553	181482	246071	556230	227758	328472	654840	263794	391046	638206	247321	390885	893671	366138	527533	1110735	484419	626316
77	76607	32570	44037	73450	31345	42105	74364	31575	42789	82012	35387	46625	88200	38543	49657	89011	39061	49950	102474	45405	57069	96817	39810	57007	108093	43854	64239	108297	43390	64907	114038	45601	68437	96635	37918	58717	99693	38139	61554	139846	54100	85746	176509	68991	107518	194135	75661	118474	222568	92775	129793	251110	104678	146432	333860	139452	194408	417260	173886	243374	499585	204353	295232	607822	240910	366912	640113	245812	394301	817571	310938	506633	1054370	453050	601320
78	60869	25655	35214	60732	25499	35233	68000	29128	38872	78365	33276	45089	85058	37601	47457	81367	35168	46199	88066	38374	49692	73162	29684	43478	83125	32846	50279	94613	37777	56836	103728	40761	62967	82032	31471	50561	88782	33520	55262	117045	44756	72289	153714	58111	95603	171322	65391	105931	193042	76561	116481	228677	93412	135265	290552	119441	171111	380477	155861	224616	463478	187366	276112	570999	222217	348782	609719	233068	376651	748699	274724	473975	993095	418680	574415
79	51145	20675	30470	51761	21596	30165	62077	26056	36021	65738	28109	37629	64305	27602	36703	66411	28744	37667	71665	30904	40761	68819	27301	41518	70918	28633	42285	72779	27913	44866	88616	33647	54969	68003	25754	42249	87577	32385	55192	89840	34017	55823	136302	51133	85169	153474	57777	95697	152038	58771	93267	186082	74288	111794	255345	102487	152858	341151	137422	203729	370611	148593	222018	513199	196940	316259	588957	222039	366918	683686	245387	438299	947870	388472	559398
80	47541	19302	28239	47114	19251	27863	48301	20238	28063	53153	22242	30911	59053	25123	33930	61334	26229	35105	57718	24814	32904	54343	21243	33100	64931	24618	40313	68207	25506	42701	76476	28435	48041	66544	25047	41497	64071	23383	40688	73275	26469	46806	107947	39521	68426	128030	46721	81309	140517	52601	87916	179777	69542	110235	224453	88949	135504	293885	116308	177577	354696	138303	216393	472578	179520	293058	542198	202470	339728	681785	243345	438440	859044	339083	519961
81	39390	15535	23855	37530	14999	22531	36794	14656	22138	48245	20457	27788	49799	21030	28769	58328	24888	33440	41328	17540	23788	42439	16310	26129	52070	19172	32898	63355	23199	40156	65783	24048	41735	56452	20519	35933	57544	19968	37576	67165	23524	43641	90486	32319	58167	115662	41287	74375	123167	44405	78762	161579	61070	100509	187385	72662	114723	243539	94853	148686	311481	120889	190592	422144	157591	264553	515141	188880	326261	520218	185705	334513	747664	281960	465704
82	32013	12449	19564	33347	13250	20097	32802	12992	19810	35621	14442	21179	39352	16771	22581	45885	19606	26279	42687	18189	24498	31696	11705	19991	42446	15517	26929	49864	17912	31952	50327	17970	32357	50567	18165	32402	51718	17556	34162	61658	20963	40695	75780	26317	49463	97170	33765	63405	106856	37191	69665	129731	48496	81235	157556	59397	98159	220759	83637	137122	292624	110605	182019	365509	135288	230221	461374	164889	296485	503819	176442	327377	668066	231663	436403
83	28183	10829	17354	24944	9810	15134	25862	10074	15788	31244	13011	18233	35793	14956	20837	41785	18237	23548	37188	15698	21490	23471	8384	15087	30457	10838	19619	35846	12443	23403	42093	14700	27393	43202	14856	28346	39814	13490	26324	40258	13666	26592	60284	20588	39696	80019	26973	53046	88656	29775	58881	106367	37435	68932	134689	49517	85172	182800	68046	114754	255051	93824	161227	325174	117665	207509	419209	145548	273661	470027	162064	307963	602291	198904	403387
84	21838	8341	13497	19516	7262	12254	20823	8060	12763	27266	11093	16173	28574	12190	16384	29789	12667	17122	29122	12571	16551	22234	7831	14403	25930	8951	16979	28189	10123	18066	29300	9890	19410	34385	11269	23116	25330	8045	17285	33427	10967	22460	43290	14447	28843	66782	21853	44929	74718	24778	49940	79124	26989	52135	104620	37238	67382	152660	54871	97789	219085	78622	140463	247453	88321	159132	362843	122705	240138	438840	147712	291128	535328	171025	364303
85	12448	4481	7967	16838	6396	10442	17713	6596	11117	19769	8166	11603	22239	9479	12760	26375	11315	15060	26538	11453	15085	18337	6200	12137	19263	6476	12787	24481	8017	16464	25990	8506	17484	27882	8912	18970	19651	6191	13460	29208	9330	19878	33357	10607	22750	49292	15823	33469	59488	18617	40871	68821	22653	46168	94626	32620	62006	126171	44786	81385	178564	62594	115970	226914	78121	148793	319262	105942	213320	390834	128978	261856	514834	160746	354088
86	8712	3109	5603	13667	5026	8641	13946	5111	8835	13780	5383	8397	19263	8322	10941	21223	9223	12000	24003	10576	13427	14129	4791	9338	13843	4544	9299	17505	5607	11898	22179	6925	15254	22123	6935	15188	14073	4427	9646	20358	6463	13895	28514	8697	19817	38949	12044	26905	50177	15371	34806	56381	17761	38620	79475	26397	53078	99472	34334	65138	140408	48492	91916	189128	64403	124725	272306	87986	184320	357076	114420	242656	380019	117340	262679
87	6869	2430	4439	10674	3867	6807	11295	4142	7153	11303	4353	6950	13907	5941	7966	16509	7376	9133	18548	8402	10146	12299	4100	8199	9610	3080	6530	12952	4059	8893	16186	5011	11175	14969	4608	10361	12491	3906	8585	13296	4000	9296	23821	7131	16690	30300	9178	21122	38994	11547	27447	45665	14043	31622	59442	19250	40192	77901	25865	52036	120148	39663	80485	168327	55406	112921	225279	71092	154187	305379	94325	211054	354614	105891	248723
88	5247	1795	3452	8648	3112	5536	8109	2965	5144	8993	3529	5464	12249	5469	6780	14630	6565	8065	16562	7900	8662	10177	3277	6900	6341	1951	4390	8485	2518	5967	10537	3154	7383	11405	3460	7945	9106	2717	6389	9450	2668	6782	14510	4309	10201	22116	6591	15525	30001	8739	21262	34815	10232	24583	44872	13634	31238	62088	19926	42162	92683	30009	62674	137602	43522	94080	187097	57334	129763	263509	78305	185204	317236	92264	224972
89	3433	1113	2320	6507	2384	4123	5807	1997	3810	7007	2749	4528	10537	4595	5942	11801	5534	6267	11544	5534	6010	7294	2319	4975	5181	1534	3647	6740	2058	4682	7363	2334	5029	7107	2035	5072	6732	1974	4758	6741	2046	4695	11153	3108	8045	15156	4557	10599	23094	6563	16531	27279	7780	19499	30650	9025	21625	44358	13821	30537	71731	22563	49168	111079	34228	76851	132879	39603	93276	215525	61055	154470	282557	78885	203672
90	2343	736	1607	2697	945	1752	4712	1600	3112	5643	2189	3454	7543	3452	4091	9334	4468	4866	10099	4960	5139	5289	1644	3645	4018	1122	2896	4471	1253	3218	5813	1591	4222	5747	1540	4207	4810	1456	3354	5147	1406	3741	8800	2372	6428	10453	2840	7613	16048	4491	11557	20084	5505	14579	24388	6917	17471	36817	11097	25720	54892	17053	37839	82892	24631	58261	113845	32436	81409	179821	49678	130143	238830	64379	174451
91	1737	510	1227	1711	591	1120	3876	1299	2577	4635	1771	2864	4846	2191	2655	8083	4036	4047	8387	4368	4019	2467	696	1771	2926	848	2078	2929	840	2089	3863	1049	2814	4816	1304	3512	3337	925	2412	3455	907	2548	5398	1451	3947	7906	2081	5825	11782	3152	8630	15667	4284	11383	18236	5071	13165	28207	7986	20221	39844	12022	27822	60798	17848	42950	88487	24720	63767	142477	37909	104568	205486	53130	152356
92	1111	323	788	1303	416	887	2902	991	1911	3736	1433	2303	3903	1706	2197	6186	3069	3117	7013	3688	3325	1902	544	1358	2318	619	1699	1924	478	1446	2449	616	1833	3159	858	2301	2288	607	1681	2510	705	1805	3115	749	2366	5764	1471	4293	8601	2244	6357	11083	2940	8143	13315	3487	9828	19109	5391	13718	28430	8124	20306	47454	13272	34182	71960	19437	52523	109402	28027	81375	165193	40492	124701
93	723	207	516	837	282	555	2477	851	1626	2601	1020	1581	3484	1558	1926	5788	3017	2771	6364	3366	2998	1230	322	908	2022	549	1473	1081	284	797	1504	347	1157	1620	401	1219	1599	424	1175	1778	427	1351	2020	473	1547	3017	751	2266	6324	1743	4581	7901	2055	5846	9365	2438	6927	12927	3399	9528	20429	5711	14718	33525	9129	24396	54030	13843	40187	84061	20789	63272	131771	30756	101015
94	501	147	354	476	144	332	1793	642	1151	1881	724	1157	2928	1341	1587	5319	2716	2603	5548	3049	2499	854	220	634	1440	377	1063	841	206	635	992	281	711	1013	257	756	863	216	647	1257	296	961	1287	324	963	2136	535	1601	4750	1396	3354	5965	1591	4374	6900	1756	5144	7987	2051	5936	13633	3607	10026	23250	6157	17093	39480	9783	29697	54520	12892	41628	99590	21829	77761
95	318	114	204	351	96	255	473	166	307	1624	608	1016	2290	1054	1236	4057	2123	1934	4709	2591	2118	680	166	514	928	242	686	687	145	542	662	157	505	810	181	629	560	150	410	929	216	713	832	172	660	1394	304	1090	1633	393	1240	2670	644	2026	3573	796	2777	5282	1267	4015	8954	2390	6564	15613	4118	11495	26361	6171	20190	42429	9497	32932	75580	15942	59638
96	205	55	150	192	37	155	293	85	208	1380	497	883	2127	923	1204	2786	1479	1307	4467	2558	1909	459	140	319	280	71	209	503	115	388	412	104	308	536	136	400	344	102	242	686	158	528	528	101	427	715	119	596	1114	222	892	1683	384	1299	2421	561	1860	3595	896	2699	6339	1579	4760	9943	2524	7419	17496	4032	13464	29798	6502	23296	54915	10778	44137
97	143	29	114	141	43	98	241	81	160	1087	416	671	1796	778	1018	2378	1229	1149	3650	2070	1580	430	145	285	184	44	140	565	134	431	234	45	189	313	79	234	255	66	189	255	52	203	320	90	230	339	65	274	744	159	585	1041	230	811	1501	320	1181	2305	506	1799	3924	1011	2913	6348	1533	4815	12536	2820	9716	21687	4425	17262	38156	7232	30924
98	108	28	80	96	26	70	136	52	84	1005	417	588	1289	597	692	2106	1105	1001	3699	2084	1615	302	95	207	96	23	73	546	90	456	149	41	108	203	51	152	140	38	102	151	35	116	212	39	173	198	41	157	299	54	245	591	110	481	912	173	739	1334	294	1040	2293	494	1799	3962	935	3027	7742	1706	6036	14648	2822	11826	26778	4757	22021
99	69	21	48	72	22	50	108	26	82	720	277	443	1039	467	572	1834	959	875	3329	1892	1437	44	10	34	58	18	40	450	102	348	100	15	85	158	44	114	36	9	27	90	23	67	97	21	76	121	26	95	211	34	177	316	64	252	550	96	454	828	164	664	1217	291	926	2356	566	1790	4809	976	3833	9926	1824	8102	15792	2717	13075
100	68	18	50	98	24	74	226	58	168	830	318	512	3840	1667	2173	8910	4252	4658	13735	7538	6197	113	27	86	187	48	139	105	31	74	228	40	188	185	26	159	55	16	39	97	25	72	158	37	121	144	27	117	219	40	179	329	68	261	574	106	468	989	176	813	1758	372	1386	3223	647	2576	6176	1205	4971	12256	2027	10229	25353	3760	21593
